{
  "0": {
    "computation": 0.2910769939422607, 
    "delay": 1.4561120986938476, 
    "span": 8.372747564315796
  }, 
  "1": {
    "computation": 0.2625599384307861, 
    "delay": 1.5383250713348389, 
    "span": 8.364201974868774
  }, 
  "2": {
    "computation": 0.2010509490966797, 
    "delay": 1.1549383640289306, 
    "span": 7.691865873336792
  }, 
  "3": {
    "computation": 0.27193427085876465, 
    "delay": 1.5198115825653076, 
    "span": 8.404476833343505
  }, 
  "4": {
    "computation": 0.16724467277526855, 
    "delay": 1.1249788284301758, 
    "span": 7.704878902435302
  }, 
  "5": {
    "computation": 0.3002457618713379, 
    "delay": 1.0055346965789795, 
    "span": 8.199738073349
  }, 
  "6": {
    "computation": 0.19125990867614745, 
    "delay": 0.9290956020355224, 
    "span": 8.113035535812378
  }, 
  "7": {
    "computation": 0.32019848823547364, 
    "delay": 1.0840641975402832, 
    "span": 7.909774827957153
  }, 
  "8": {
    "computation": 0.36084394454956054, 
    "delay": 1.048917007446289, 
    "span": 8.070356273651123
  }, 
  "9": {
    "computation": 0.4342010021209717, 
    "delay": 1.1345894813537598, 
    "span": 7.614112424850464
  }
}
