{
  "0": {
    "computation": 1.8625064373016358, 
    "delay": 2.490023946762085, 
    "span": 25.76973624229431
  }, 
  "1": {
    "computation": 1.2523406346638997, 
    "delay": 1.8254399299621582, 
    "span": 24.925578037897747
  }, 
  "2": {
    "computation": 1.3615220785140991, 
    "delay": 1.6594972610473633, 
    "span": 24.80801498889923
  }, 
  "3": {
    "computation": 1.2455000480016072, 
    "delay": 1.775078018506368, 
    "span": 24.854835311571758
  }, 
  "4": {
    "computation": 1.6246004104614258, 
    "delay": 2.251769208908081, 
    "span": 25.906892156600954
  }, 
  "5": {
    "computation": 0.930506706237793, 
    "delay": 1.2757363319396973, 
    "span": 24.808184226353962
  }, 
  "6": {
    "computation": 1.4373867988586426, 
    "delay": 2.2681087017059327, 
    "span": 25.77446541786194
  }, 
  "7": {
    "computation": 1.5649794101715089, 
    "delay": 2.12522406578064, 
    "span": 25.868599128723144
  }, 
  "8": {
    "computation": 1.497999620437622, 
    "delay": 2.051192617416382, 
    "span": 26.21366286277771
  }, 
  "9": {
    "computation": 1.500490665435791, 
    "delay": 2.1917672157287598, 
    "span": 26.27101092338562
  }
}
