{
  "0": {
    "computation": 2.579204499721527, 
    "delay": 3.3564143776893616, 
    "span": 24.89070039987564
  }, 
  "1": {
    "computation": 1.8978890776634216, 
    "delay": 2.6653584837913513, 
    "span": 25.61631888151169
  }, 
  "2": {
    "computation": 1.4286611080169678, 
    "delay": 2.3648672699928284, 
    "span": 25.639511108398438
  }, 
  "3": {
    "computation": 2.5488064289093018, 
    "delay": 3.2099660634994507, 
    "span": 25.414055943489075
  }, 
  "4": {
    "computation": 2.3968330025672913, 
    "delay": 3.465609133243561, 
    "span": 25.19411838054657
  }, 
  "5": {
    "computation": 0.33998851776123046, 
    "delay": 0.6066052913665771, 
    "span": 24.586318016052246
  }, 
  "6": {
    "computation": 1.6594486236572266, 
    "delay": 2.2071721076965334, 
    "span": 25.409509038925172
  }, 
  "7": {
    "computation": 1.540059757232666, 
    "delay": 2.1498701095581056, 
    "span": 25.629582500457765
  }, 
  "8": {
    "computation": 1.7572715759277344, 
    "delay": 2.40840425491333, 
    "span": 24.894277811050415
  }, 
  "9": {
    "computation": 1.7572286128997803, 
    "delay": 2.2474832057952883, 
    "span": 24.64424924850464
  }
}
