{
  "0": {
    "computation": 3.6015872955322266, 
    "delay": 5.49636435508728, 
    "span": 53.89810848236084
  }, 
  "1": {
    "computation": 1.1972202062606812, 
    "delay": 1.684159517288208, 
    "span": 47.63934111595154
  }, 
  "2": {
    "computation": 2.5990939140319824, 
    "delay": 4.691779375076294, 
    "span": 54.2976188659668
  }, 
  "3": {
    "computation": 1.702850103378296, 
    "delay": 3.9898581504821777, 
    "span": 52.89517283439636
  }, 
  "4": {
    "computation": 2.5891335010528564, 
    "delay": 4.484673976898193, 
    "span": 53.89581108093262
  }, 
  "5": {
    "computation": 1.7020773887634277, 
    "delay": 4.5832178592681885, 
    "span": 54.488521099090576
  }, 
  "6": {
    "computation": 1.201038122177124, 
    "delay": 2.341113328933716, 
    "span": 47.793620467185974
  }, 
  "7": {
    "computation": 1.1981158256530762, 
    "delay": 1.8939919471740723, 
    "span": 48.39453983306885
  }, 
  "8": {
    "computation": 0.40372705459594727, 
    "delay": 1.3935861587524414, 
    "span": 49.09318709373474
  }, 
  "9": {
    "computation": 1.098655104637146, 
    "delay": 2.3846434354782104, 
    "span": 47.34251284599304
  }
}
