{
  "0": {
    "computation": 1.211888575553894, 
    "delay": 2.103458380699158, 
    "span": 10.330055975914002
  }, 
  "1": {
    "computation": 1.0700026988983153, 
    "delay": 1.938783860206604, 
    "span": 10.86719515323639
  }, 
  "2": {
    "computation": 1.3774677038192749, 
    "delay": 2.191020107269287, 
    "span": 9.70304217338562
  }, 
  "3": {
    "computation": 1.111258864402771, 
    "delay": 1.7446874618530273, 
    "span": 10.777578973770142
  }, 
  "4": {
    "computation": 1.502417755126953, 
    "delay": 2.369543170928955, 
    "span": 10.103759622573852
  }, 
  "5": {
    "computation": 1.2413116216659545, 
    "delay": 2.0750983238220213, 
    "span": 9.75324649810791
  }, 
  "6": {
    "computation": 1.156856632232666, 
    "delay": 2.060754823684692, 
    "span": 10.730192613601684
  }, 
  "7": {
    "computation": 0.7812098503112793, 
    "delay": 1.5363579750061036, 
    "span": 10.765079760551453
  }, 
  "8": {
    "computation": 1.4288270950317383, 
    "delay": 2.2608416080474854, 
    "span": 10.142300057411195
  }, 
  "9": {
    "computation": 1.0700391292572022, 
    "delay": 1.8721866130828857, 
    "span": 11.097033190727235
  }
}
