{
  "0": {
    "computation": 0.7512856960296631, 
    "delay": 1.5318963766098022, 
    "span": 8.098658013343812
  }, 
  "1": {
    "computation": 0.6184016227722168, 
    "delay": 1.3201366424560548, 
    "span": 8.109700775146484
  }, 
  "2": {
    "computation": 1.2389391899108886, 
    "delay": 1.93811993598938, 
    "span": 8.470322346687317
  }, 
  "3": {
    "computation": 1.0688707828521729, 
    "delay": 2.121093678474426, 
    "span": 8.359342074394226
  }, 
  "4": {
    "computation": 0.7114299535751343, 
    "delay": 1.721393346786499, 
    "span": 8.52070472240448
  }, 
  "5": {
    "computation": 1.1487616300582886, 
    "delay": 1.689618754386902, 
    "span": 8.102669215202331
  }, 
  "6": {
    "computation": 0.8900889158248901, 
    "delay": 1.7990198135375977, 
    "span": 8.2301771402359
  }, 
  "7": {
    "computation": 0.9002878427505493, 
    "delay": 1.5299476385116577, 
    "span": 8.190082430839539
  }, 
  "8": {
    "computation": 0.8401177406311036, 
    "delay": 1.6194983005523682, 
    "span": 8.690244913101196
  }, 
  "9": {
    "computation": 0.8338118076324463, 
    "delay": 1.148771381378174, 
    "span": 8.250987863540649
  }
}
